{"cameraMode":{"drawMode":0,"name":"Shaded","section":"Shading Mode"},"sceneLighting":false,"audioPlay":false,"sceneViewState":{"m_AlwaysRefresh":false,"showFog":true,"showSkybox":false,"showFlares":true,"showImageEffects":true,"showParticleSystems":true,"showVisualEffectGraphs":true,"m_FxEnabled":true},"in2DMode":false,"pivot":{"x":-5.809999942779541,"y":0.6779999732971191,"z":7.420000076293945},"rotation":{"x":0.03535474091768265,"y":0.04495694115757942,"z":-0.001593964290805161,"w":0.9983670711517334},"size":0.2598077058792114,"orthographic":false}