{"cameraMode":{"drawMode":0,"name":"Shaded","section":"Shading Mode"},"sceneLighting":false,"audioPlay":false,"sceneViewState":{"m_AlwaysRefresh":false,"showFog":true,"showSkybox":false,"showFlares":true,"showImageEffects":true,"showParticleSystems":true,"showVisualEffectGraphs":true,"m_FxEnabled":true},"in2DMode":false,"pivot":{"x":-1.7347588539123536,"y":-0.33000004291534426,"z":15.079913139343262},"rotation":{"x":-0.1289944350719452,"y":-0.8643563389778137,"z":0.2810639441013336,"w":-0.39661499857902529},"size":1.7320513725280762,"orthographic":false}